Sample,LOH:1p31.1-1p22.3,LOH:1q42.12-1q42.13,LOH:2q14.3-2q23.3,LOH:5q11.1-5q14.1,LOH:5q15-5q23.1,LOH:6q12-6q22.32,LOH:8p,LOH:10q23.1-10q25,LOH:12p13.32-12p12.3,LOH:13q12.3-13q21.1,LOH:13q21.1-13q33.1,LOH:16q12.1-16q24.3,LOH:17p,LOH:18q,LOH19p13.3-19p13.2,LOH:21q22.2-21q22.3,LOH:22q11.21-22q11.22,GAIN:3q21.2-3q29,GAIN: Whole Chr 7,GAIN: 8p23.3-8p22,GAIN:8q,GAIN: 9q12-9q21.11,GAIN: Whole Chr 19,GAIN: 22q.11.1-22q11.23,HD:10q23.1-10q25.1,ETS,SPOP,indels,PGA clonal,PGA subclonal,Ploidy,Intra/inter,Number of bkpts,Chromothripsis,Kataegis,AR_group,Obs_Sim_prop,del_bridges
PD12806,0,1,0,1,0,0.327463245,1,0,0,0.802155647,0.802155647,0.788865157,1,0,0,1,0,0,0,0,1,0,0,0,0,1,0,485,8.090154375,0.236661547,0,0.24,118,0,0,2,0.055555556,4
PD12807,0,0,0.772540504,0.218072051,1,1,0,1,0,1,0.771890463,0,0,0,0,0,0,0.071515473,0,0,0,0,0,0,0,0,0,332,3.317697544,0.03241923,0,0,44,0,1,3,-0.208333333,2
PD12808,0,0,0.517039311,0.243224301,0,0,1,0.591487271,0,1,1,1,0,0,0,1,0,0.083710843,0,0,1,0,0,0,0.880472133,1,0,460,9.643967066,0.184829641,0,0.12,86,0,1,2,0.025316456,0
PD12809,0,0,0,1,1,1,0.849742512,0,0,0,0,0,0,1,0,0,0,0,0.721434129,0,0.826722716,0,0,0,0,0,1,593,3.488514062,0.180023169,0,0.03,90,0,0,3,-0.098290598,0
PD12810,0,0,1,0,0,1,1,0,0.426200809,1,1,1,0,1,0,0,0,0,0,0.084471838,0,0,0,0,0,0,0,430,5.432547935,0.009809946,0,0.03,76,0,1,3,-0.308641975,1
PD12811,0,1,1,1,1,1,1,0.150197742,0,1,1,1,0,0.726785367,0,0,0,0.090716565,0.107064532,0,0.218889236,0,0,0,0,0,1,593,9.650548326,0.098304017,0,0.07,148,1,1,3,-0.178132678,2
PD12812,0,0,0,0,0.324123767,1,0.160165569,0,0,1,1,0.233430385,0.258908556,0,0,0,0,1,0.239071272,0,1,0.270912781,0,0,0,0,0,655,11.43734305,0.203712658,0,0.22,62,0,0,1,0.201923077,0
PD12813,0,1,0,0,0,0,1,0,0,1,0,1,1,0,0,0,0,0,0,0,1,0,0,0,0,1,0,378,5.520845562,0.038559792,0,0.36,34,0,0,1,0.193181818,1
PD12814,0,0,0,0,0,1,0,0.157965305,0,0,0,0,1,0,0,0,0,0,0,0,0,0,0,0,0,1,0,651,1.455461427,0.002722207,0,0.11,20,0,0,2,0.017857143,2
PD12815,0,0,0,0,0,1,0,0,0,0,0,0,0,0,0,0,0,0,0,0,0.62683995,1,1,0,0,0,0,185,1.164159408,0.003896261,0,0.1,132,0,1,3,-0.15625,2
PD12816,0,0,0,0,0,0,1,1,0,0,0,0,0,0,1,0,0,0,0,1,0,0,0,0,0,0,0,252,12.37262443,0.117695656,1,-99,-99,0,0,2,0.181818182,-99
PD12817,0,0,1,0.619445356,1,1,0,0,1,1,1,0,0,1,0,0,0,0.620950877,1,1,1,1,0,0,0,0,0,554,11.06616865,0.205371637,0,0.01,86,1,1,3,-0.185294118,2
PD12818,0,0,0,0,0,0,1,1,0,0,0,0,1,0,0,0,0,0,0,0,0,0,0,0,0,1,0,239,7.301370354,0.011308504,0,0.25,10,0,0,2,0.071428571,2
PD12820,0,0,0,0,1,1,0.503981314,0,0,0,0,0.45626354,0,0,0,0,0,0,0,0,1,0.558903525,0,0,0,1,0,378,3.02538487,0.081216759,0,0.28,46,0,0,1,0.121212121,1
PD12821,1,0,0,0,0,0,1,1,1,1,0,0,0,0,1,0,0,0,0,0,0,0,0,0,1,1,0,365,4.75252957,0.002795966,0,0.47,112,0,0,2,0.057471264,11
PD12824,0,1,0,0,1,1,0.444570979,1,0,1,0,0,0,0,0,0,0,1,1,1,1,0,0,0,0,0,0,401,30.1496381,0.180858168,0,0.07,114,0,1,3,-0.162280702,5
PD12825,0,0,0,0,0,0,0,0,0,0,0,1,1,1,0,0,0,1,0,0,0,0,0,0,0,1,0,214,4.793843405,0.020667845,0,0.09,12,0,0,2,0.15625,0
PD12828,1,0,0,0,0,0,1,0,0,0,0,1,1,0,1,0,0,0,0,0,1,0,0,0,0,0,0,511,29.03167412,0.288870551,1,0.39,50,0,1,2,0.081818182,1
PD12829,0,0,0,0,0,1,1,1,0,1,1,0,0,0,0,0,0,0.236334414,0,0,0,0,0,0,0.180269856,1,0,495,6.228333048,0.041705623,0,-99,-99,-99,0,2,0,-99
PD12830,0,0,0,0,0,0,0,0,0,0,0,1,0,0,0,0,0,0,0,0,0,0,0,0,0,1,0,641,1.967738255,0.001870225,0,0.39,32,0,1,1,0.181818182,1
PD12831,0,0,0,1,0,0,0,1,1,1,1,1,1,1,0,1,1,0,0,0,0,1,0,0,1,1,0,535,65.70120722,0.050606126,1,0.46,86,0,0,2,0.03164557,2
PD12832,0,0,0,0,0,0,1,0,0,0,0,1,0,0,0,0,0,0,0,0,1,0,0,0,0,1,0,464,7.357358556,0.051930675,0,-99,-99,0,0,1,0.227272727,-99
PD12833,0,1,0,0,0,0,1,0,1,0,0,0,0,0,0,0,0,0,1,0,0,0,1,1,0,0,0,563,14.14567367,0.046791326,1,0.36,38,0,0,2,0,2
PD12834,0,0,1,1,1,1,0,0,0,1,1,0,0,0,0,0,0,0,1,0,0,0,0,0,0,0,0,487,6.751753611,0.067385081,0,0.01,92,1,1,3,-0.11038961,0
PD12835,0,0,0,0,0,0.744794616,0.085828153,0.222423701,0.744094776,0,0,0,0.743863607,0,0,0,0,0,0,0,0,0,0,0,0,1,0,342,0.288184781,0.084453754,0,0.18,66,0,1,1,0.114583333,1
PD12837,1,0,0,0,0,0,0,0,0,1,0,1,0,1,0,0,0,0,0,1,1,0,0,0,0,0,0,420,7.437471711,0.002678356,0,0.4,14,0,1,2,0.014705882,1
PD12838,1,0,0,0,0,1,1,0,1,0,0,1,1,1,1,0,0,1,0,0.739238793,1,1,0,0,0,0,0,426,25.01117366,0.099284769,0,0.21,120,0,0,2,-0.060150376,1
PD12840,0,0,0,0,0,0,0,1,0.940518732,1,1,0,0,0,0,0,0,0,0,0,0,0,0,0,0,0,0,434,2.54528939,0.064473317,0,0.1,34,0,0,2,-0.014705882,1
PD12841,0,0,0,0,0,0,1,0,1,0,0,0,0,0,0,0,0,0,1,0.174871258,0,0,0,0,0,0,0,340,3.170840604,0.060186595,0,0.31,42,1,1,2,-0.02,2
PD12842,0,1,0,0.349336023,0,0,1,0.85112517,0,0,0,0,0,0,0.077506802,0,0,0,0,0,1,0,0,0,0,0,0,497,22.05991392,0.060176834,0,0.33,60,0,0,2,0.039473684,4
PD12844,1,1,1,1,1,1,1,1,0,1,1,0,0,1,0,0,1,1,1,1,1,0,0,0,0,0,0,717,37.22913721,0.286226139,1,0.22,66,0,0,3,-0.118686869,1
PD12845,1,0,0,0,0,0,0,0,0,1,0,1,1,0,0,1,0,0,0,1,1,1,0,0,0,1,0,796,29.56877771,0.595694686,1,0.11,90,0,1,1,0.104651163,2
PD13380,0,0.951241953,0,0,0,1,0.506389598,0.52453525,0,1,1,1,0.294716073,1,0,0,0,1,0.054606972,0.076461656,1,0.314039109,0.058429709,0.084671984,0,0,0,672,13.2747624,0.449230037,0,0.18,26,0,0,2,-0.045454545,0
PD13381,0,0,0,0,0,0,0.401011791,0,0,0,0,0,0,0,0,0,0,0,0,0,1,0,0,0,0,0,0,296,1.832366196,0.021261367,0,-99,-99,0,0,2,0.05,-99
PD13382,0,0,0,0,0,0,1,0,0,0,0,0,0,1,0,0,0,1,0,0,0,0,0,0,0,0,0,448,4.917636812,0.065679936,0,0,42,1,1,2,0,5
PD13384,0,0,1,0,1,1,0,0,0,1,1,0,0,0,0,0,0,0,0,0,0,0,0,0,0,0,0,233,3.871933622,0.001937717,0,0.14,98,0,1,3,-0.14375,4
PD13386,0,0,0,0,1,0,0,0,0,0,0,0,0,0,0,0,0,0,0,0,0,0,0,0,0,1,0,188,1.829907035,0.002748861,0,0.38,44,0,0,1,0.234375,2
PD13387,0,0,0,0,0,1,1,1,0.965276638,0,0,1,0,1,1,1,0,0,0,0,0,0,0,0,0.237790554,1,0,363,4.237827365,0.068670499,0,0.17,62,0,0,1,0.169642857,1
PD13388,0,0,0,0,1,0.176333338,1,0,0,0,0,1,1,0,0,0,0,0,0,0,0,0,0,0,0,1,0,464,8.580800711,0.018113029,0,0.09,48,0,0,1,0.154545455,0
PD13389,1,0,0,0,0,0,1,1,1,1,1,1,1,0.934505521,0,1,0,0,0,0,0,0,0,0,0,1,0,370,5.357876829,0.056617312,0,-99,-99,-99,0,1,0.091772152,-99
PD13390,1,0,0,1,0,0.23735471,1,0,0,1,1,0,1,1,0,0,0,0,0,0,0,0,1,1,0,0,0,224,10.88098692,0.03045618,0,0.2,60,0,0,1,0.143939394,3
PD13393,0,0,0,0,0.805873476,0,1,0,0,0.793292141,0,0,0,1,0,0.764372353,0,0,0,0,0,0,0.089738677,0,0,0,0,328,5.69594952,0.077677222,0,0.23,164,0,0,1,0.073684211,8
PD13394,0,0,1,1,1,1,1,0,0.93027086,1,1,0,0,0,0,0,0,1,0,0.137300562,0.132404663,0,0,0,0,0,1,594,9.021706575,0.098229808,0,0.1,138,1,1,3,-0.113300493,5
PD13395,0,0,1,0,0,1,1,0,1,0,0,0,0,0,0,0,0,0.343514025,0,0.196402399,0,0,0,0,0,0,0,283,9.085993995,0.053455615,0,0.38,22,0,0,3,-0.166666667,2
PD13396,0,0,0,0,0,0,0,0,0,0,0,0,0,0,0,1,0,0,0,0,1,0,0,0,0,1,0,367,1.885556118,0.0018673,0,0,12,0,1,2,-0.083333333,0
PD13398,0,1,0,0,0,0.121384718,1,1,0,1,1,0,0,0,0,0,0,0,0,0,1,0,1,0,0,0,0,277,3.706417451,0.095307078,0,0.01,76,0,1,2,-0.021428571,1
PD13399,0,0,0,1,0,0.762613143,1,1,0,1,0,0.165292197,0,0,0,1,1,0,0,0,0,0.649253702,0,0.311579903,0.235764093,1,0,326,2.407315278,0.126896814,0,0.24,152,1,0,2,0.0625,9
PD13401,0,0,0,0.105417173,0.105417173,0,1,0,0,0.087508123,0.106555175,0.955969812,0.197583754,0.298272932,0,1,0,0,0.07827601,0,1,1,0,0,0,1,0,536,2.31693737,0.307715523,0,0.41,38,0,0,1,0.146551724,2
PD13402,0,0,0,0,0,0.388485551,1,0,0,0,0,1,0,0.348227713,0,0,0,0,0,0,1,0,0,0,0,0,0,309,2.751335932,0.089622619,0,0.23,32,0,0,3,-0.151515152,0
PD13405,0,0,0,0.97015006,0,1,1,0,0,1,1,0,0,0,0,0,0,0,0.113188815,1,1,0,0,0,0,0,0,410,9.316557586,0.009383785,0,0.11,114,1,0,3,-0.114478114,4
PD13406,0,0,0,0,1,1,1,0,0,1,1,0,0,0,0,0,1,0,0,0,1,0,0,0,0,0,0,294,10.0055072,0.036214342,0,0.02,42,0,0,2,-0.083333333,3
PD13408,1,1,0,1,1,1,1,0,1,1,1,1,0,1,0,0,0,0.416307874,0.228116104,0.291173874,0.178602361,0.474700557,0.066361032,0,0,0,1,531,4.581933775,0.179919639,0,0.13,150,1,1,3,-0.155737705,5
PD13410,0,0,1,0,0,0.909691321,0,0,0,0,0,0,0.863296916,0,0,1,0,0,0,0,0,0,0,0,0,1,0,472,0.926100355,0.00878701,0,0,22,0,0,2,-0.092592593,1
PD14706,0,0,0,0,0,0,0,0,0,1,1,0,0,1,0,0,0,0,0,0,0,0,0,0,0,1,0,535,3.421524793,0.001383361,0,0.22,122,0,0,1,0.139534884,3
PD14707,0,0,0,0,0,1,0,0,0,0,0,1,1,0,0,1,0,0,0,0,0,0,0,0.082961894,0,1,0,266,2.943463094,0.013730056,0,1,18,0,0,2,0.069444444,0
PD14708,0,0,0,0,0,0,1,1,1,0,0,0,1,0,0,1,0,0,1,0,0,0,0,0,1,1,0,329,4.813973287,0.071151457,0,-99,-99,-99,0,2,0.081632653,-99
PD14710,0,0,0,0,0,0,0.189502229,0,0,0.23001911,0.23001911,0,0,1,0,0,0.227342964,0,0,0,0,0,0,0,0,0,0,265,1.257381551,0.026534722,0,0.26,34,0,0,2,0.056818182,2
PD14711,0,0,0,0,0,1,1,0.252100265,0,1,1,0,0,0,0,0,0,0,1,0.221595057,0,0,0,0,0,0,1,355,4.322756521,0.003330089,0,0.04,136,1,0,3,-0.102040816,6
PD14712,1,0,0,0,0,1,0,0,0,0,0,0,0,0,0,0,0,0,0,0,0,0,0,0,0,1,0,214,1.9547447,0.002617946,0,0.29,18,0,0,1,0.166666667,0
PD14713,0,0,0,1,1,0,1,1,0,1,1,0.728820198,1,1,0,0,0,0,0,0.119835027,1,0.847819242,0,0,0,0,0,425,8.053921433,0.209336058,0,0,54,0,1,2,0,3
PD14714,0,0.231168843,0,0,0.634419177,0,0,0.284496011,1,0.120606004,0.120606004,0,0,0.405318781,0,0,0,0,0,0,0,0,0,0,0,1,0,344,1.284245865,0.096291844,0,0.39,32,0,1,1,0.12195122,3
PD14716,0,0,0,0,0,0,1,0,0,0,0,0,1,0,0,1,0,0,0,0,0,0,0,0,0,1,0,298,2.827831926,0.000930079,0,0.27,52,0,0,1,0.202702703,3
PD14717,0,0,0,0,0,0,0,0,0,0,0,0,0,0,0,0,0,0.203053188,0,0,0,0,0,0,0,1,0,347,0.129466628,0.002962447,0,-99,-99,-99,0,1,0.166666667,-99
PD14718,0,1,0,0,1,1,1,1,1,0,1,0,0,1,0,0,0,1,1,0,1,0,0,0,0,0,0,529,6.587342912,0.077946185,0,0.04,96,1,1,3,-0.091346154,4
PD14719,0,0,0,0,0,0,0.89804337,0,0.431206287,1,1,0.955420019,1,0,0,1,0,0,0,0,0,0.145888647,0,0,0,1,0,382,4.832323979,0.117181873,0,0.1,22,0,1,2,0.041666667,1
PD14733,0,0,0,0,0,0,0,0,0,0,0,0,0,0,0,1,0,0,0,0,0,0,0,0,0,1,0,178,0.153096111,0.051059806,0,-99,-99,0,0,2,0.125,-99
PD14734,0,0,0,0.948483934,0,0,1,1,1,1,1,1,1,1,0,0,1,0,0,0,1,0,0,0,0,0,0,534,7.192336154,0.171851804,0,0.24,224,1,1,1,0.124161074,6
PD14735,1,0,0,0,0,0,1,0.595709941,0,0,0,0,0,0,0,1,0,0,0,0,0,0,0,0,0,1,0,263,2.520963206,0.005350173,0,0.24,42,0,0,2,-0.013888889,1
PD14736,0,0,0,0,0,1,0.654253749,0.625570999,0.646143564,0,0,1,1,0,0,0,0,1,0,0,0,0,0,0,0,1,0,199,1.464595795,0.037011788,0,0.5,174,0,1,1,0.146226415,5
PD18878,0,0,0.35294934,0,0,0,0,1,0.084890076,0,0,1,0,0,0.091563305,1,0.110610117,0.294013318,0.522032006,0,0,0,0,0,0,1,0,287,1.775702003,0.090417993,0,0.51,148,0,0,1,0.229885057,4
PD18879,0,0,1,0,1,1,0,1,0,1,1,0,0,0,0.082200853,0,0,1,0,0,0,0,0,0,0.372921167,0,0,300,5.700209796,0.04712586,0,-99,-99,0,0,2,-99,-99
PD18882,0,1,0,0.231466989,1,1,1,0,1,1,1,0,0,0,0.095386389,0,0.632892897,1,0.30100852,0,0,0,0,0,0,0,1,377,9.809100515,0.036785734,0,0,142,1,1,3,-0.138392857,0
PD18883,0,0,0,0,0,0,0.852853227,0.339273643,0,0.825839526,0,1,0,0,0,0,0,1,0,0,0,0,0.060693366,0.105758055,0,1,0,354,3.00504781,0.044373239,0,0.24,98,0,1,1,0.114285714,5
PD18884,0,0,1,0,0,0,1,0.724022123,0,0,0,0,0,0,0,1,0,0,0,1,0,0,0.168430157,0,0,1,0,114,1.922761225,0.038114264,0,0.07,16,0,0,2,0.055555556,0
PD18885,0,1,0,0,0,0,0.784765891,1,0,0,0,0,0,0,0,0,0,0.115346681,0,0.062939362,0,0,0.074555019,0,0,1,0,193,1.792378581,0.086241187,0,0.43,40,0,0,1,0.153846154,2
PD18886,0,1,1,1,1,1,1,1,0,1,1,0,0,1,0,0,0,1,1,0.154866637,0.08460051,0.614310771,1,0,1,0,1,657,22.48493086,0.104444438,0,0.15,148,1,1,3,-0.153361345,5
PD18887,1,0,0,1,0,1,1,0,0,0,0,0,1,0,0,1,0,1,0,0,0,0,0,0,0,1,0,378,5.586073364,0.010789317,0,0.5,36,0,0,2,0.116666667,1
PD18888,0,0,0,0,1,0,1,0,0,1,1,1,0,0,0,0,0,1,0.36746252,0,1,0.557305468,0.32221667,0.056420957,0,0,0,308,8.922844755,0.274126003,0,0.17,14,0,0,2,-0.1,0
PD18889,0,0,0,0,0,0,0,0.557551502,1,0.555885501,0.555885501,0,0,0,0,0,0,0,0,0,0,0,0.065908756,0,0,1,0,523,1.176330955,0.063537936,0,0.25,110,0,1,1,0.096590909,4
PD18890,0,0,0,0,0,1,0,0,1,1,1,1,0,0,0,0,0,1,1,1,1,1,0.078249887,0,0,0,0,307,28.52692701,0.029526171,0,0.11,90,1,0,3,-0.111940299,2
PD18891,1,0,1,0,1,0,1,0,0,1,1,0,0,0,0,0,0,0.074730086,0.421749249,1,1,0.625383108,0.53122207,0,0,0,0,364,8.471015644,0.036312594,0,0.14,56,1,1,3,-0.115942029,2
PD18892,0,0,0.17095844,0,1,1,0.92041491,0,0,1,1,1,0.252822118,0.395470982,0,0,0,1,0.114645137,0.356640851,1,0,0.064751238,0.092732247,0,0,0,723,5.724904572,0.354901175,0,-99,-99,-99,0,2,-0.053763441,-99
PD18894,1,0,0,1,0,0,1,1,0,0,1,0,0,1,0,1,0.097250267,1,0,0,0,0,1,0,0.944403134,1,0,275,5.475617906,0.037647265,0,0.28,110,1,0,2,0.067073171,2
PD18895,0.131802258,0,0,0.131110116,1,0.129692326,0.861159526,0.71372005,0.253628388,1,1,1,0.173411299,0.168943799,0,0.133885667,0,0.137247272,0,0,0,0,0.06047116,0,0,1,0,340,5.013980641,0.12084012,0,0.3,126,0,0,1,0.102272727,8
PD18896,0,0,0,0,0,0.955298483,0,0,0,0,0,0,1,0,0,0,0,0,0,0,0,0,0.080942897,0,0,0,0,206,0.419802706,0.045881096,0,0,6,0,0,2,-0.058823529,0
PD18897,0,0,0,0,0,0,1,1,1,0,0,0,0,0,0,0,0,0.184178229,0.177139031,0,0,0.327368211,0.473395811,0,0,1,0,330,16.13265154,0.406161611,1,-99,-99,-99,0,1,0.123893805,-99
PD18900,0,0,0,0,0,0,1,0,0,0,0,0,0,0,0,1,0,1,0,0,0.080472113,0.608381691,0.06252104,0.869995702,0,1,0,333,2.084413856,0.179282639,0,0.33,96,0,1,1,0.125,5
PD18901,0,0,1,1,1,1,1,1,0,1,1,0,0,0,0,0,0,0.201112362,1,1,0,0,1,1,0,0,0,423,11.8605448,0.031227394,0,0.2,42,0,1,2,-0.014925373,1
PD18903,0,0,0,0,0,0,0.687077182,1,0.651573734,0.344145664,0.344145664,0,0.648472922,1,0.081140798,0.71212583,0.141169167,0.645458539,0,0,0,0,0,0,0,1,0,345,2.309997344,0.372315556,0,0.22,330,0,0,2,-0.044334975,13
PD18905,0,0,0,0,0,0,1,0.573190461,0,0,0,0,0,1,0,0,0,1,0,0,1,0,1,0,0,0,0,1005,5.186792978,0.020365648,0,-99,-99,0,0,1,0.25,-99
PD18907,0,1,0,1,1,1,1,0,0,1,1,0,0,0.178058037,0,0,1,1,1,0.110857906,1,0.127701738,0.099591151,0.209791997,0,1,1,244,13.42333787,0.368646934,0,0.06,94,0,1,3,-0.109022556,5
PD18908,1,0,0,0,0,0,1,0,0,0.798780829,0.752491425,0.353993265,0,0,0.082503877,1,0.36530587,0,1,0.139815974,0,0,0.194017901,0,0,1,0,338,1.692557016,0.312712235,0,0.2,66,1,0,2,-0.016129032,5
PD18909,0,0,0,0,0,0,1,1,0,0,1,0,1,0,0,0.934456195,0,0,1,0,0,1,0.105111745,0.092877434,0,1,0,320,3.809801713,0.100098013,0,1,6,0,1,1,0.285714286,0
PD18910,0,0,0,0,0,1,0,0,0,0,0,0,0,0,0,0,0,0.641372315,0.6542511,0.675013218,0.675013218,0,1,0,0,0,0,186,1.314022851,0.235454925,0,0.08,14,0,1,2,0.125,0
PD18911,0,0,0,0,1,0,1,0,0,1,0,0,0,0,0,0,0,0,0,0,0.211606557,0,0.101214022,0.092457552,0,0,0,307,2.569204929,0.088300731,0,-99,-99,0,0,2,0.0625,-99
PD18912,0,0,0.617249609,0,0,0,0.188207769,0,0,0,0,1,0,0.912803806,0,1,0,0,1,0,0,0,0.125115406,0,0,1,0,281,3.726305412,0.046479318,0,-99,-99,-99,0,3,-0.121149897,-99
PD24354,0,0,0.175140532,0,0,0,0,0,0,0,0.169298991,0,0,0,0,1,0.539300542,0,0,0,0,0.469816228,0.063740356,1,0,0,0,279,0.40328249,0.133502803,0,-99,-99,0,0,2,-0.027777778,-99
PD24355,1,1,0.305998137,0.628425874,0.628425874,0.271049191,0.804829675,1,1,1,0,1,0.11644079,0.296681369,0.274793821,1,0.609317842,0.827474621,0,0,0,0,0,0,0,1,0,484,6.162914574,0.472666817,0,0.2,124,1,0,1,0.068,1
PD24356,0,0,0,0,0,0,0.299633118,0.854182898,0.633961343,0.694950816,0.695658889,0,0,0,0,1,0,0,0,0,0,0,0.080947995,0,0,1,0,459,0.679618183,0.076944219,0,0.35,62,0,0,1,0.1,1
PD24357,0.558275053,0,0,0,0,1,0,0,1,0.545164829,0.565021057,0,0,1,0,0,0,0,0.155104701,0,0,1,0,0.112943778,0,1,0,332,4.557473367,0.103567742,0,0.24,94,0,1,3,-0.088541667,2
PD24358,0,0,1,0,1,0.251550007,0.238520665,0,0,1,1,0,0,0,0,0,0.089030677,0,0,0,0,0,0,1,0,0,0,240,-99,-99,-99,-99,-99,-99,0,2,-0.004672897,-99
PD24359,0,0.312378414,0,0,0,1,1,0,0,1,1,1,0,1,0,0,0,0,0.209474375,0,1,0,0,0.384509762,0,0,0,475,29.16251567,0.493337896,1,0.03,80,1,1,2,-0.020618557,4
PD24360,0,0,0,0,0,0,0.876731672,0,0,1,0,0.222102672,1,0.271487293,0.076726706,0,0.090546927,0.205795773,0,0,0.413889388,0,0,0,0,1,0,426,2.281018495,0.320676716,0,0.13,54,0,0,1,0.108695652,1
PD24362,0,0,0,1,0,1,1,1,1,1,1,1,1,0,0.299609066,1,0.318045077,0,0,0,0,0,0,0,0,1,0,440,7.936389365,0.130405075,0,0.23,96,0,1,1,0.096385542,6
PD24363,0,0,0,0,0,1,0.107338209,0,0,0,0,1,0.098576984,0,0.127585829,1,0.078955464,0,0,0,0,0,0,0,0,1,0,181,1.951702751,0.05840677,0,-99,-99,1,0,2,0.04,-99
PD24364,0,0,0,0,0,1,0,0,1,0,0,1,0.086798786,0,0.065916302,1,0.081001757,0,0,0,0,0,0,0,0,1,0,381,4.23756606,0.043937755,0,-99,-99,-99,0,1,0.10483871,-99
PD24365,0,0,0,0,0,1,1,0.755792813,0,0.695816012,0.695816012,0,0,1,0.071300781,0.067623518,1,0,0,0,0,0,0,0,0,1,0,373,3.453384047,0.047986261,0,0.18,134,0,1,2,0.053571429,7
PD24366,0,0,0,0,0,0,0,1,0,0,0,1,0,0,0.12207926,0.269310527,0.107344652,1,1,1,1,0,0.720052979,0,0,0,0,552,15.19769079,0.160161165,0,0,12,1,0,2,0.03307393,1
PD24367,1,1,1,1,1,1,0.719181137,0,0.380457983,0,1,1,0,0,0,0,0,0,1,0.079105129,0,0,0.146246911,0,0,0,0,528,10.32825216,0.325067744,0,0.1,118,0,1,3,-0.06937799,3
PD24368,1,0,0,0.914164595,0,1,0.228380287,1,0,1,1,1,1,0,1,0,0,0.131235418,0.161620098,0,1,1,0.125369773,0,0.918761265,0,0,450,16.57426289,0.060595723,1,0.48,124,0,1,1,0.138095238,1
PD24369,1,1,0,1,1,1,0,0,0,0,0,1,0,1,0,0,0,0.341424771,0.186130944,1,1,0.45487283,0.06270831,0.085311067,0,0,0,416,10.28707957,0.268795679,0,0.08,126,1,1,3,-0.16509434,3
PD24370,0,0,0,0.212071397,0,0,1,1,1,0,0,1,1,1,0,1,1,0,0.065839162,0,0,0,0.063158915,0,0.936174544,1,0,456,6.082763372,0.041175679,0,0.22,158,1,0,1,0.118110236,6
PD24372,0,0,0,0,0,0,0,0,0.872253549,0,0,0,0,0,0,1,0,0,0,0,0,1,0.08319252,0,0,1,0,255,0.220277094,0.043874821,0,0,8,1,0,2,0,0
PD24375,0,0,0,0,0,0,0,0.847511951,0,1,0,1,0,0,0,1,0,0,0,0,0,1,0.1404295,0.124461288,0,1,0,256,2.240590573,0.034225704,0,0.13,34,0,1,2,-0.036585366,0
PD24376,1,0,0,0,0,0,1,1,0,0,0,0,1,0,0,0,0.239862909,1,0.086060663,0,0,1,0.086450405,0.128499511,0.849518691,0,0,367,4.069938076,0.03538138,0,0.11,100,0,1,2,0.020618557,2
PD24379,0,0,0,0,0,0,1,0,0,1,0,1,0,0,0,0.470790117,0,0,0,0,0,1,0.15455605,0,0,0,0,283,2.493260151,0.069386546,0,1,10,0,0,1,0.289473684,1
PD24381,0,0,0,0,0,0,1,0,1,0,0,0,0.135862072,0,0.12580934,0,1,0,0,0,0,0,0.583075647,0.33539265,0,0,0,297,2.739909407,0.028862969,0,0.67,30,0,0,1,0.208333333,2
PD24382,0,0,1,0,0,0,1,1,0,0,0,0,0,0,0,1,0,0,1,0,0,0,0.106341131,0,0,1,0,355,13.95201885,0.044624792,0,0.22,60,0,0,1,0.166666667,3
PD24383,1,0,0,0,0,0,1,0.890477117,0,0,0,0,1,0,0.829041132,1,0,0,0.268935843,0,0,1,0.191079894,0.159818405,0,1,0,245,8.815203003,0.164288816,1,0.46,152,1,0,2,-0.035714286,4
PD24385,0,0,0,0,0,0,0.624806124,1,0,0,0,0,0,0,0,1,0.076802019,0,0.237454054,0.080243367,0,0,0.080805421,0,1,1,0,389,2.696227473,0.042145939,0,0.3,82,0,0,1,0.111940299,2
PD24386,0,0,1,1,1,1,0,1,1,0.914453674,0.914453674,1,1,0,0,0,0,1,1,0,1,0,0,0,1,0,0,726,36.20183602,0.386660886,1,0.22,84,1,1,2,-0.024390244,1
PD24388,0,0,0,0,0,1,1,1,1,0,0,0.233367827,0.214640478,1,0.118044079,1,0,1,0.144976821,0,0.805441239,0,0,0,0,1,0,361,6.915586176,0.170381351,0,0.18,80,1,1,1,0.118181818,4
PD24389,0,0,0,0,0,0,1,0,0,1,1,1,0,0,0,0,0,0,0,0.116367761,0,0,0.093030105,0.088936722,0,1,0,294,3.706494171,0.048590947,0,0.23,16,0,0,1,0.272727273,0
PD26324,0.085818198,0,1,1,1,1,1,1,0,1,1,0.68524225,0,1,0,0.679143697,0,1,1,0.067349787,0.139532346,0.111234006,0.072592171,0,0.171497704,0,1,667,11.46394258,0.282412681,0,0.09,174,1,1,3,-0.115714286,3
PD26325,0,0,0,0,0,1,1,1,1,1,1,1,0,1,0,0,0,0,0.217507831,0,0.142092493,0,0.569637603,0.101224392,0,1,0,516,4.539170949,0.334058589,0,0.25,114,0,0,1,0.117283951,3
PD26326,0,0,0,0,0,0,1,0,0,0.305723491,0.305723491,0.819803257,1,0,0,0,0,0,0,0,0,1,0.123360956,0.112386843,0,1,0,176,5.323007777,0.070608151,0,0.5,24,0,0,2,0.142857143,0
PD26327,0.693182819,0,0,0,0,0,1,1,0,0,0,1,1,1,0,0,0,0.800784532,0,0,0,0,0.080541369,0,0,1,0,505,4.561850728,0.054672755,0,0.2,108,1,0,1,0.186046512,1
PD26329,0,0,0,0,0,0,1,0,1,0,0,1,1,1,0,1,0,0,1,0,1,0,0.118377328,0,0,1,0,520,31.05323399,0.199686448,1,0.37,100,1,0,2,0.023148148,2
PD26330,0,0,0,0,0,0,1,0,0,1,1,1,0,0,0,1,0,0,0,0,0,0,0.199972641,0,0,1,1,274,4.091845427,0.010498902,0,0.5,12,0,1,2,0.040540541,1
PD26331,0,1,1,0,0,1,0.342916281,0,0,1,1,0.110871525,0,0.493306061,0,0,0,0,0,0.092828694,0,1,0,0,0,0,0,413,5.928877174,0.094870703,0,0.06,100,0,1,3,-0.134703196,0
PD26332,0,0.919391934,0,0.111340945,0.111340945,0.937501148,1,1,1,1,1,0.08830628,0.160188204,0,0.189255926,0.536472619,0,0,0,0,0,0,0,0,0,1,0,435,3.210699684,0.183665834,0,0.21,200,0,0,1,0.109929078,6
PD26333,0,1,1,0,0,0.199813322,0.239874975,0.481591577,0,1,1,0,0,0,0,1,0,0,0,0.194628118,0.194628118,0,0,0,0,1,0,384,3.899101102,0.16850564,0,0.21,52,0,0,2,0.069767442,2
PD26335,0,0,0,0,0,1,1,1,0,1,1,1,0,0,0.089685807,0,0,0.755644649,1,0.091183639,1,0,0,0,1,1,0,438,6.473505218,0.033646972,0,0.38,110,1,0,1,0.102040816,0
PD26336,0,0,0,0,0.455465938,0,0,0,0.475380492,0,1,0,0,0,0,0,0.093839848,0,0,0,0,0.664895942,0.094772899,0,0,0,0,337,1.116002605,0.044765811,0,0.22,44,0,1,2,0.075757576,1
PD26338,1,1,1,0,0,1,1,1,0,1,1,0,0.058232317,1,0.066082026,1,0.063217318,0,1,0,0,0.492995479,1,0,0,1,0,530,9.665849845,0.082953028,0,0.15,82,1,0,2,-0.040540541,5
PD26340,0,0,0,0,0,0,0.23695486,0,0,0,0,0,0,0,0,0.418536094,0,0,0,1,0,0,0,0,0,1,0,218,1.321421429,0.011843249,0,0.2,6,-99,0,2,0.0625,0
PD26341,0,0,1,1,0,1,0,0,0.404906537,1,1,1,0,0,0,0,0.454025642,0,0.149261918,0,0.061137004,0,0.078751555,1,0,0,0,348,7.248620496,0.102318276,0,0.17,108,1,0,3,-0.165775401,1
PD26342,0,0,0,0,0,0,1,0,0,1,0,0,0,0,0,0,0,0,0,0.146217732,0,0,0.102374106,0,0,0,0,229,1.248553029,0.041681801,0,0.07,32,0,0,2,0.076923077,1
PD26343,0,0,0,0,0,0,1,0,0,0.182723349,0.182723349,1,1,0,0,0,0,0,1,0,1,1,0,0,0,0,0,592,3.877934188,0.137898247,0,0.09,12,0,0,2,0.133333333,0
PD26344,0,1,0,0,0,0,0.237840718,1,1,1,1,0,0,0,0,0,0,0,0,0,0,0,0.219437517,0,0,0,0,202,6.241521866,0.040569789,0,0.05,42,0,0,2,0,1
PD26345,0,0,0,1,1,1,1,1,0,0.961256268,1,0.356389302,1,1,0,0,0,0,0,1,1,0.215330582,0,0,0,1,0,634,16.66170081,0.192812726,0,0.25,104,1,0,1,0.057926829,4
PD26346,0,0,0,1,0,1,1,0,0,0,0,0,0,0,0,1,0,0,0,1,0,1,0.099146802,0,0,1,0,278,2.510818491,0.022355387,0,0,8,0,0,2,0.051724138,0
PD26347,0,0,0,1,0,0,1,1,0,1,1,1,1,1,0,1,0,0,0,0.485959304,0,0,0,0,0.85545367,1,0,602,13.23136696,0.012908418,0,1,20,0,0,2,0.111111111,0
PD26348,1,0,0,0.473847676,0,1,1,1,0,0,0,1,1,0.125029011,0.268122798,0,0,0,0,0,1,0,0,0,0,0,0,518,9.491057004,0.071242894,0,0.58,142,0,1,2,0.049180328,3
PD26350,0,1,0,0,0,0,1,0,0,0.961008341,0,1,0,0,0,1,0,0,1,0,0,0.493167246,1,0,0,1,0,483,3.517082008,0.016934636,0,0.08,28,1,0,2,0.027777778,1
PD26351,0,0,0,0,0,0,0.143769111,1,1,0,0,1,0,0,0,1,0,0,1,1,0,0,0,0,0,0,0,393,2.564797605,0.006597446,0,0.31,34,0,1,2,-0.046875,0
PD26352,0,0,0,1,0,0.92556292,0.73695827,0,0,1,1,1,0,0,0,0,0,0,0.110599883,1,0,0.748486261,0,0,0,0,0,499,2.128792733,0.024326867,0,0.38,138,1,0,1,0.105072464,6
PD26353,0,0,0,0,0.824389122,1,0,0.366135458,0,0.424495472,0.07204992,0,0,0,0,0,0,0.099204148,0,0,0,0,0,0,0,0,0,402,2.212798683,0.068279343,0,0,48,0,0,2,-0.059210526,1
PD26354,0,0,0,0,0,0,0,0,0,1,1,0.57880895,0,0,0,0,0,1,0,0,0,0.750340015,0.088651172,0,0,1,0,255,1.314934714,0.110234686,0,0.4,70,0,0,1,0.170731707,5
PD26355,0,0,0,0.157908821,0,0,1,0.306732788,0.246701212,1,1,1,1,0.233277004,0.33881356,1,0,0.099573101,0.287924306,0,0.156634332,0,0.08488501,0.122076915,0,1,0,793,3.319869182,0.418993837,0,0.29,40,1,0,2,0.02173913,1
PD26356,0,1,0,0.923930903,0,0,1,1,0,1,0,0,1,1,0,0,0,0,0.14069739,0,0,0,0.151000455,0.151878385,1,1,0,595,4.17197013,0.102873689,0,0.41,192,0,0,1,0.119266055,7
PD26357,0,0,0.224278687,0,0,0,0,1,0,1,0,1,0,0,0,1,0,0.072768751,0.132596576,0.068718099,0.068718099,0.650704103,0.096233856,0.073946538,0.954523187,1,0,437,2.538811446,0.356988362,0,-99,-99,-99,1,2,0.033333333,-99
PD26358,0,0,1,0,0,0,1,0.454138962,1,1,0,1,0,0,0,0,1,1,0.120935009,0,0,0.668866021,0.113136748,0.122516347,0,1,0,564,4.691860146,0.232876625,0,0.07,44,1,0,1,0.21969697,2
PD6204_Illumina,1,0,1,1,1,1,1,0,0,0.205454872,0.205454872,0,0,0,0,0,0,0,1,0.102906584,0,1,0.134559719,0.098850994,0,0,1,190,15.18610682,0.082985375,0,0.04,50,0,1,3,-0.177631579,1
PD9168,0,1,0,0,0,1,0.522840069,1,0,1,1,1,1,0,0,1,0,1,0,0,1,0,0,0,0,1,0,350,24.3419143,0.05756754,1,0.22,28,0,1,1,0.128787879,0
PD9169,0,0,1,0,1,1,1,0,0,1,1,1,0,0,0,0,0,0,0.274584259,0,1,0,0,0,0,0,0,442,5.111001365,0.113633311,0,0.14,106,1,0,3,-0.18705036,4
PD9746,0,0,0,0,0,0,0,0,0,0,0,0.174405783,0,0,0,0.13580919,0,0,0,0,0,0,0,0,0,1,0,242,5.499601651,0.036503803,1,0.28,74,0,0,2,0.075949367,0
PD9749,0,0,0,0,0,1,1,1,1,0,1,0,0,0,0,0,0,1,0,0,0,0,0,0,1,0,0,520,6.685948078,0.004830142,0,0.18,60,0,0,2,0,1
PD9751,0,0,0.594862342,1,1,1,0.943088198,0,0,0.939451827,0.941206679,0.942576966,0,0,0,0,0,0,0,0,0,0,0,0,0,0,0,307,3.14492722,0.058251172,0,0.07,44,1,0,3,-0.112903226,1